data_date,ticker,name,deviation,index
2026-09-29,UWMC,Uwm Holdings Class A,-59.42,R1K
2026-09-29,KRMN,Karman Holdings INC,-52.6,R1K
2026-09-29,FICO,Fair Isaac,-50.03,SPX+R1K
2026-09-29,TTD,Trade Desk INC Class A,-47.54,R1K
2026-09-29,WHR,Whirlpool,-43.02,SPX+R1K
2026-09-29,PLNT,Planet Fitness INC Class A,-40.79,R1K
2026-09-29,PL,Planet Labs Class A,-40.13,R1K
2026-09-29,FRMI,Fermi INC,-39.99,R1K
2026-09-29,FLUT,Flutter Entertainment PLC,-39.31,R1K
2026-09-29,WING,Wingstop,-38.89,R1K
2026-09-29,ROL,Rollins INC,-38.66,SPX+R1K
2026-09-29,OKLO,Oklo Class A,-38.43,R1K
2026-09-29,QS,Quantumscape Class A,-38.26,R1K
2026-09-29,KTOS,Kratos Defense And Security Soluti,-38.01,R1K
2026-09-29,PRIM,Primoris Services,-37.92,R1K
2026-09-29,QXO,Qxo INC,-37.47,R1K
2026-09-29,CHTR,Charter Comm,-37.25,SPX+NDX+R1K
2026-09-29,Z,Zillow Group Class C,-37.05,R1K
2026-09-29,ZG,Zillow Group Class A,-35.54,R1K
2026-09-29,IONS,Ionis Pharmaceuticals,-35.3,R1K
2026-09-29,PNR,Pentair,-34.28,SPX+R1K
2026-09-29,APP,Applovin Class A,-33.89,R1K
2026-09-29,LULU,Lululemon,-33.88,SPX+R1K
2026-09-29,CSGP,CoStar Group,-33.71,SPX+NDX+R1K
2026-09-29,BLDR,Builders FirstSource,-33.37,SPX+R1K
2026-09-29,INTU,Intuit,-32.56,SPX+NDX+R1K
2026-09-29,PODD,Insulet,-32.16,SPX+R1K
2026-09-29,APTV,Aptiv PLC,-32.07,SPX+R1K
2026-09-29,DKS,Dicks Sporting,-31.88,R1K
2026-09-29,BROS,Dutch Bros Class A,-31.85,R1K
2026-09-29,OLN,Olin CORP,-31.81,R1K
2026-09-29,CAR,Avis Budget Group,-31.72,DJI+R1K
2026-09-29,XE,X-energy INC Class A,-31.64,R1K
2026-09-29,ESAB,Esab CORP,-31.47,R1K
2026-09-29,MTZ,Mastec INC,-31.17,R1K
2026-09-29,NRG,NRG Energy,-31.16,SPX+R1K
2026-09-29,FMC,FMC Corp,-31.07,SPX
2026-09-29,DY,Dycom Industries INC,-30.96,R1K
2026-09-29,ALB,Albemarle,-30.51,SPX+R1K
2026-09-29,BSX,Boston Scientific,-29.76,SPX+R1K
2026-09-29,AMTM,Amentum Holdings,-29.47,R1K
2026-09-29,AVAV,Aerovironment INC,-29.35,R1K
2026-09-29,ZTS,Zoetis,-28.44,SPX+R1K
2026-09-29,FTAI,Ftai Aviation,-28.08,R1K
2026-09-29,FIS,Fidelity National Info,-27.94,SPX+R1K
2026-09-29,WLK,Westlake CORP,-27.51,R1K
2026-09-29,AA,Alcoa CORP,-27.5,R1K
2026-09-29,BWXT,Bwx Technologies INC,-27.3,R1K
2026-09-29,ASTS,Ast Spacemobile Class A,-27.0,R1K
2026-09-29,RBLX,Roblox CORP Class A,-26.61,R1K
2026-09-29,ACM,Aecom,-26.51,R1K
2026-09-29,NXT,Nextpower INC Class A,-26.48,R1K
2026-09-29,CAVA,Cava Group,-26.48,R1K
2026-09-29,PCG,PG&E,-26.26,SPX+R1K
2026-09-29,CHWY,Chewy INC Class A,-26.14,R1K
2026-09-29,LII,Lennox International INC,-26.09,R1K
2026-09-29,PSN,Parsons CORP,-26.01,R1K
2026-09-29,NKE,Nike,-25.86,SPX+DJI+R1K
2026-09-29,LVS,Las Vegas Sands,-25.82,SPX+R1K
2026-09-29,RKT,Rocket Companies INC Class A,-25.41,R1K
2026-09-29,SITE,Siteone Landscape Supply INC,-25.37,R1K
2026-09-29,KD,Kyndryl Holdings,-25.35,R1K
2026-09-29,FOUR,Shift4 Payments Class A,-24.91,R1K
2026-09-29,WU,Western Union,-24.63,R1K
2026-09-29,DKNG,Draftkings Class A,-24.55,R1K
2026-09-29,CELH,Celsius Holdings,-24.45,R1K
2026-09-29,WYNN,Wynn Resorts,-24.34,SPX+R1K
2026-09-29,CPNG,Coupang Class A,-24.25,R1K
2026-09-29,NCLH,Norwegian Cruise Line Holdings,-24.23,SPX+R1K
2026-09-29,HII,Huntington Ingalls Industries,-24.13,SPX+R1K
2026-09-29,MPT,Medical Properties Trust REIT INC,-23.92,R1K
2026-09-29,DECK,Deckers Outdoor,-23.57,SPX+R1K
2026-09-29,BEPC,Brookfield Renewable Subordinate V,-23.48,R1K
2026-09-29,LHX,L3Harris,-23.44,SPX+R1K
2026-09-29,ACI,Albertsons Company Class A,-23.31,R1K
2026-09-29,MWH,Solv Energy Class A INC,-22.98,R1K
2026-09-29,EFX,Equifax,-22.93,SPX+R1K
2026-09-29,ONON,ON Holding AG Class A,-22.82,R1K
2026-09-29,ENPH,Enphase Energy,-22.77,SPX+R1K
2026-09-29,FDXF,Fedex Freight Holding Company INC,-22.5,R1K
2026-09-29,IPGP,Ipg Photonics CORP,-22.44,R1K
2026-09-29,POST,Post Holdings,-22.38,R1K
2026-09-29,ULS,UL Solutions INC Class A,-22.11,R1K
2026-09-29,CRH,Crh Public Limited PLC,-21.94,R1K
2026-09-29,LBRDA,Liberty Broadband CORP Series A,-21.85,R1K
2026-09-29,AS,Amer Sports INC,-21.73,R1K
2026-09-29,POOL,Pool,-21.63,SPX+R1K
2026-09-29,FSLR,First Solar,-21.55,SPX+R1K
2026-09-29,KVYO,Klaviyo Series A,-21.42,R1K
2026-09-29,AN,Autonation,-21.36,R1K
2026-09-29,WSC,Willscot Holdings Class A,-21.13,R1K
2026-09-29,COO,Cooper,-21.08,SPX+R1K
2026-09-29,CW,Curtiss Wright,-21.07,R1K
2026-09-29,SARO,Standardaero,-21.06,R1K
2026-09-29,APLD,Applied Digital CORP,-20.97,R1K
2026-09-29,MGM,MGM Resorts,-20.9,SPX+R1K
2026-09-29,STZ,Constellation Brands,-20.71,SPX+R1K
2026-09-29,TSCO,Tractor Supply,-20.65,SPX+R1K
2026-09-29,SFD,Smithfield Foods INC,-20.58,R1K
2026-09-29,FISV,Fiserv INC,-20.57,R1K
2026-09-29,HUBS,Hubspot,-20.56,R1K
2026-09-29,LAZ,Lazard,-20.5,R1K
2026-09-29,EIX,Edison International,-20.43,SPX+DJI+R1K
2026-09-29,FN,Fabrinet,-20.35,R1K
2026-09-29,EVR,Evercore Class A,-20.33,R1K
2026-09-29,OLED,Universal Display CORP,-20.13,R1K
2026-09-29,FIGR,Figure Technology Solutions Class,-20.11,R1K
2026-09-29,MP,MP Materials CORP Class A,-20.11,R1K
2026-09-29,RBA,RB Global,-20.0,R1K
2026-09-30,UWMC,Uwm Holdings Class A,-61.14,R1K
2026-09-30,KRMN,Karman Holdings INC,-53.11,R1K
2026-09-30,FICO,Fair Isaac,-51.84,SPX+R1K
2026-09-30,TTD,Trade Desk INC Class A,-46.73,R1K
2026-09-30,WHR,Whirlpool,-42.75,SPX+R1K
2026-09-30,FRMI,Fermi INC,-40.52,R1K
2026-09-30,WING,Wingstop,-40.5,R1K
2026-09-30,PL,Planet Labs Class A,-40.08,R1K
2026-09-30,ROL,Rollins INC,-39.25,SPX+R1K
2026-09-30,FLUT,Flutter Entertainment PLC,-38.87,R1K
2026-09-30,KTOS,Kratos Defense And Security Soluti,-38.37,R1K
2026-09-30,PLNT,Planet Fitness INC Class A,-38.34,R1K
2026-09-30,OKLO,Oklo Class A,-38.24,R1K
2026-09-30,PRIM,Primoris Services,-37.56,R1K
2026-09-30,Z,Zillow Group Class C,-37.18,R1K
2026-09-30,QS,Quantumscape Class A,-37.17,R1K
2026-09-30,CHTR,Charter Comm,-36.94,SPX+NDX+R1K
2026-09-30,QXO,Qxo INC,-36.91,R1K
2026-09-30,IONS,Ionis Pharmaceuticals,-36.89,R1K
2026-09-30,APP,Applovin Class A,-36.89,R1K
2026-09-30,ZG,Zillow Group Class A,-35.91,R1K
2026-09-30,PNR,Pentair,-34.67,SPX+R1K
2026-09-30,LULU,Lululemon,-34.14,SPX+R1K
2026-09-30,BLDR,Builders FirstSource,-33.77,SPX+R1K
2026-09-30,PODD,Insulet,-33.09,SPX+R1K
2026-09-30,ESAB,Esab CORP,-33.05,R1K
2026-09-30,APTV,Aptiv PLC,-32.42,SPX+R1K
2026-09-30,CSGP,CoStar Group,-32.27,SPX+NDX+R1K
2026-09-30,FMC,FMC Corp,-32.24,SPX
2026-09-30,NRG,NRG Energy,-32.06,SPX+R1K
2026-09-30,XE,X-energy INC Class A,-31.97,R1K
2026-09-30,DKS,Dicks Sporting,-31.96,R1K
2026-09-30,CAR,Avis Budget Group,-31.73,DJI+R1K
2026-09-30,ALB,Albemarle,-31.64,SPX+R1K
2026-09-30,OLN,Olin CORP,-31.41,R1K
2026-09-30,BROS,Dutch Bros Class A,-30.89,R1K
2026-09-30,DY,Dycom Industries INC,-30.87,R1K
2026-09-30,INTU,Intuit,-30.28,SPX+NDX+R1K
2026-09-30,MTZ,Mastec INC,-30.04,R1K
2026-09-30,BSX,Boston Scientific,-29.85,SPX+R1K
2026-09-30,AVAV,Aerovironment INC,-29.67,R1K
2026-09-30,AMTM,Amentum Holdings,-29.43,R1K
2026-09-30,FTAI,Ftai Aviation,-28.87,R1K
2026-09-30,ZTS,Zoetis,-28.75,SPX+R1K
2026-09-30,WLK,Westlake CORP,-28.69,R1K
2026-09-30,FIS,Fidelity National Info,-28.67,SPX+R1K
2026-09-30,BWXT,Bwx Technologies INC,-27.75,R1K
2026-09-30,NXT,Nextpower INC Class A,-27.71,R1K
2026-09-30,ASTS,Ast Spacemobile Class A,-27.55,R1K
2026-09-30,AA,Alcoa CORP,-27.41,R1K
2026-09-30,LII,Lennox International INC,-27.03,R1K
2026-09-30,PSN,Parsons CORP,-26.88,R1K
2026-09-30,LVS,Las Vegas Sands,-26.61,SPX+R1K
2026-09-30,DKNG,Draftkings Class A,-26.6,R1K
2026-09-30,NKE,Nike,-26.54,SPX+DJI+R1K
2026-09-30,FOUR,Shift4 Payments Class A,-26.51,R1K
2026-09-30,RKT,Rocket Companies INC Class A,-26.37,R1K
2026-09-30,ACM,Aecom,-26.21,R1K
2026-09-30,CHWY,Chewy INC Class A,-26.14,R1K
2026-09-30,PCG,PG&E,-25.78,SPX+R1K
2026-09-30,WU,Western Union,-25.39,R1K
2026-09-30,CELH,Celsius Holdings,-25.26,R1K
2026-09-30,CAVA,Cava Group,-25.16,R1K
2026-09-30,KD,Kyndryl Holdings,-25.15,R1K
2026-09-30,SITE,Siteone Landscape Supply INC,-24.93,R1K
2026-09-30,MPT,Medical Properties Trust REIT INC,-24.9,R1K
2026-09-30,NCLH,Norwegian Cruise Line Holdings,-24.84,SPX+R1K
2026-09-30,EFX,Equifax,-24.73,SPX+R1K
2026-09-30,RBLX,Roblox CORP Class A,-24.14,R1K
2026-09-30,FDXF,Fedex Freight Holding Company INC,-24.14,R1K
2026-09-30,APLD,Applied Digital CORP,-24.12,R1K
2026-09-30,CPNG,Coupang Class A,-23.89,R1K
2026-09-30,MWH,Solv Energy Class A INC,-23.53,R1K
2026-09-30,CRH,Crh Public Limited PLC,-23.39,R1K
2026-09-30,ACI,Albertsons Company Class A,-23.37,R1K
2026-09-30,LHX,L3Harris,-23.27,SPX+R1K
2026-09-30,BEPC,Brookfield Renewable Subordinate V,-23.05,R1K
2026-09-30,DECK,Deckers Outdoor,-23.02,SPX+R1K
2026-09-30,WYNN,Wynn Resorts,-23.01,SPX+R1K
2026-09-30,POST,Post Holdings,-22.89,R1K
2026-09-30,IPGP,Ipg Photonics CORP,-22.66,R1K
2026-09-30,ONON,ON Holding AG Class A,-22.46,R1K
2026-09-30,SARO,Standardaero,-22.42,R1K
2026-09-30,WSC,Willscot Holdings Class A,-22.28,R1K
2026-09-30,FSLR,First Solar,-22.17,SPX+R1K
2026-09-30,MGM,MGM Resorts,-22.02,SPX+R1K
2026-09-30,HII,Huntington Ingalls Industries,-21.9,SPX+R1K
2026-09-30,LBRDA,Liberty Broadband CORP Series A,-21.85,R1K
2026-09-30,POOL,Pool,-21.8,SPX+R1K
2026-09-30,SFD,Smithfield Foods INC,-21.75,R1K
2026-09-30,AS,Amer Sports INC,-21.45,R1K
2026-09-30,ULS,UL Solutions INC Class A,-21.21,R1K
2026-09-30,FIGR,Figure Technology Solutions Class,-21.19,R1K
2026-09-30,COO,Cooper,-21.07,SPX+R1K
2026-09-30,TSCO,Tractor Supply,-21.01,SPX+R1K
2026-09-30,AN,Autonation,-20.91,R1K
2026-09-30,FISV,Fiserv INC,-20.73,R1K
2026-09-30,MAT,Mattel INC,-20.58,R1K
2026-09-30,EVR,Evercore Class A,-20.52,R1K
2026-09-30,FNF,Fidelity National Financial INC,-20.43,R1K
2026-09-30,STZ,Constellation Brands,-20.41,SPX+R1K
2026-09-30,FN,Fabrinet,-20.25,R1K
2026-09-30,EIX,Edison International,-20.17,SPX+DJI+R1K
2026-09-30,LOW,Lowe's,-20.04,SPX+R1K
2026-09-30,WY,Weyerhaeuser,-20.01,SPX+R1K
